{
    "name": "place",
    "roles": [
        "place"
    ],
    "lookups": [
        "keywords"
    ],
    "keywords": [
        {
            "keyword": "Harry Poter",
            "synonyms": [
                "harry poter"
            ]
        },
        {
            "keyword": "Hogwarts",
            "synonyms": [
                "Hogwarts"
            ]
        },
        {
            "keyword": "To Weasley's shop",
            "synonyms": [
                "To Weasley's shop"
            ]
        },
        {
            "keyword": "Voldemort",
            "synonyms": [
                "voldemort"
            ]
        }
    ]
}
