{
    "utterances": [
        {
            "text": "teleport to Harry Poter",
            "entities": [
                {
                    "entity": "place:place",
                    "start": 12,
                    "end": 23,
                    "body": "Harry Poter",
                    "entities": []
                }
            ],
            "traits": [],
            "intent": "teleporting"
        },
        {
            "text": "teleport to Voldemort",
            "entities": [
                {
                    "entity": "place:place",
                    "start": 12,
                    "end": 21,
                    "body": "Voldemort",
                    "entities": []
                }
            ],
            "traits": [],
            "intent": "teleporting"
        },
        {
            "text": "teleport to Wisly",
            "entities": [],
            "traits": []
        }
    ]
}
